{
    "sourceFile": "src/main/resources/static/css/editarColaborador.css",
    "activeCommit": 0,
    "commits": [
        {
            "activePatchIndex": 47,
            "patches": [
                {
                    "date": 1716893694936,
                    "content": "Index: \n===================================================================\n--- \n+++ \n"
                },
                {
                    "date": 1716893735404,
                    "content": "Index: \n===================================================================\n--- \n+++ \n@@ -56,13 +56,13 @@\n     width: 100%; /* Largura padrão */\n }\n \n .input-email {\n-    width: ; /* Ajuste o tamanho conforme necessário */\n+    width: 40%; /* Ajuste o tamanho conforme necessário */\n }\n \n .input-cpf {\n-    width: 400px; /* Ajuste o tamanho conforme necessário */\n+    width: ; /* Ajuste o tamanho conforme necessário */\n }\n \n .input-cargo,\n .input-setor,\n"
                },
                {
                    "date": 1716893851324,
                    "content": "Index: \n===================================================================\n--- \n+++ \n@@ -56,13 +56,13 @@\n     width: 100%; /* Largura padrão */\n }\n \n .input-email {\n-    width: 40%; /* Ajuste o tamanho conforme necessário */\n+    width: 20%; /* Ajuste o tamanho conforme necessário */\n }\n \n .input-cpf {\n-    width: ; /* Ajuste o tamanho conforme necessário */\n+    width: 40%; /* Ajuste o tamanho conforme necessário */\n }\n \n .input-cargo,\n .input-setor,\n"
                },
                {
                    "date": 1716893892493,
                    "content": "Index: \n===================================================================\n--- \n+++ \n@@ -60,9 +60,9 @@\n     width: 20%; /* Ajuste o tamanho conforme necessário */\n }\n \n .input-cpf {\n-    width: 40%; /* Ajuste o tamanho conforme necessário */\n+    width: 20%; /* Ajuste o tamanho conforme necessário */\n }\n \n .input-cargo,\n .input-setor,\n"
                },
                {
                    "date": 1716894071901,
                    "content": "Index: \n===================================================================\n--- \n+++ \n@@ -56,9 +56,9 @@\n     width: 100%; /* Largura padrão */\n }\n \n .input-email {\n-    width: 20%; /* Ajuste o tamanho conforme necessário */\n+    width: 50%; /* Ajuste o tamanho conforme necessário */\n }\n \n .input-cpf {\n     width: 20%; /* Ajuste o tamanho conforme necessário */\n"
                },
                {
                    "date": 1716894079349,
                    "content": "Index: \n===================================================================\n--- \n+++ \n@@ -56,9 +56,9 @@\n     width: 100%; /* Largura padrão */\n }\n \n .input-email {\n-    width: 50%; /* Ajuste o tamanho conforme necessário */\n+    width: 100%; /* Ajuste o tamanho conforme necessário */\n }\n \n .input-cpf {\n     width: 20%; /* Ajuste o tamanho conforme necessário */\n"
                },
                {
                    "date": 1716894090002,
                    "content": "Index: \n===================================================================\n--- \n+++ \n@@ -60,9 +60,9 @@\n     width: 100%; /* Ajuste o tamanho conforme necessário */\n }\n \n .input-cpf {\n-    width: 20%; /* Ajuste o tamanho conforme necessário */\n+    width: 80%; /* Ajuste o tamanho conforme necessário */\n }\n \n .input-cargo,\n .input-setor,\n"
                },
                {
                    "date": 1716894108249,
                    "content": "Index: \n===================================================================\n--- \n+++ \n@@ -66,9 +66,9 @@\n \n .input-cargo,\n .input-setor,\n .input-telefone {\n-    width: 300px; \n+    width: 120%; \n }\n \n .input-senha {\n     width: auto;\n"
                },
                {
                    "date": 1716894143375,
                    "content": "Index: \n===================================================================\n--- \n+++ \n@@ -77,9 +77,9 @@\n .button-group {\n     display: flex;\n     flex-direction: row;\n     margin-top: 10px;\n-    margin-left: 74%;\n+    margin-left: 70%;\n }\n \n .button-group button {\n     margin-right: 10px;\n"
                },
                {
                    "date": 1716894152457,
                    "content": "Index: \n===================================================================\n--- \n+++ \n@@ -77,9 +77,9 @@\n .button-group {\n     display: flex;\n     flex-direction: row;\n     margin-top: 10px;\n-    margin-left: 70%;\n+    margin-left: %;\n }\n \n .button-group button {\n     margin-right: 10px;\n"
                },
                {
                    "date": 1716894173189,
                    "content": "Index: \n===================================================================\n--- \n+++ \n@@ -77,9 +77,10 @@\n .button-group {\n     display: flex;\n     flex-direction: row;\n     margin-top: 10px;\n-    margin-left: %;\n+    margin-left: 60%;\n+    border: solid 1px red;\n }\n \n .button-group button {\n     margin-right: 10px;\n"
                },
                {
                    "date": 1716894181595,
                    "content": "Index: \n===================================================================\n--- \n+++ \n@@ -0,0 +1,100 @@\n+@import url('https://fonts.googleapis.com/css2?family=Roboto:ital,wght@0,100;0,300;0,400;0,500;0,700;0,900;1,100;1,300;1,400;1,500;1,700;1,900&display=swap');\n+@import url(\"colors.css\");\n+*{\n+    font-family: 'Roboto',sans-serif;\n+}\n+\n+.body {\n+    font-family: Arial, sans-serif;\n+    background-color: var(--branco);\n+    margin: 0;\n+    padding: 20px;\n+}\n+\n+.container {\n+    max-width: 1000px;\n+    margin: 0 auto;\n+    background-color: #fff;\n+    border-radius: 8px;\n+    padding: 20px;\n+    box-shadow: 0 4px 6px rgba(0, 0, 0, 0.1);\n+}\n+\n+h1 {\n+    font-size: 24px;\n+    font-weight: bold;\n+    text-align: center;\n+    margin-bottom: 20px;\n+}\n+\n+.form-row {\n+    display: flex;\n+    justify-content: space-between;\n+}\n+\n+.form-group {\n+    margin-bottom: 20px;\n+}\n+\n+.form-group label {\n+    display: block;\n+    font-weight: bold;\n+    margin-bottom: 5px;\n+}\n+\n+.form-group input[type=\"text\"],\n+.form-group input[type=\"email\"],\n+.form-group input[type=\"password\"],\n+.form-group input[type=\"tel\"] {\n+    padding: 8px;\n+    border-radius: 4px;\n+    border: 1px solid #ccc;\n+    box-sizing: border-box;\n+}\n+\n+.input-nome {\n+    width: 100%; /* Largura padrão */\n+}\n+\n+.input-email {\n+    width: 100%; /* Ajuste o tamanho conforme necessário */\n+}\n+\n+.input-cpf {\n+    width: 80%; /* Ajuste o tamanho conforme necessário */\n+}\n+\n+.input-cargo,\n+.input-setor,\n+.input-telefone {\n+    width: 120%; \n+}\n+\n+.input-senha {\n+    width: auto;\n+}\n+\n+.button-group {\n+    display: flex;\n+    flex-direction: row;\n+    margin-top: 10px;\n+    /* margin-left: 60%; */\n+    border: solid 1px red;\n+}\n+\n+.button-group button {\n+    margin-right: 10px;\n+    padding: 10px 20px;\n+    border: none;\n+    border-radius: 4px;\n+    cursor: pointer;\n+    \n+}\n+\n+.adicionar{\n+    height: 40px;\n+}\n+\n+\n+\n+\n"
                },
                {
                    "date": 1716894238965,
                    "content": "Index: \n===================================================================\n--- \n+++ \n@@ -33,8 +33,9 @@\n }\n \n .form-group {\n     margin-bottom: 20px;\n+    border: soli;\n }\n \n .form-group label {\n     display: block;\n@@ -97,104 +98,4 @@\n \n \n \n \n-@import url('https://fonts.googleapis.com/css2?family=Roboto:ital,wght@0,100;0,300;0,400;0,500;0,700;0,900;1,100;1,300;1,400;1,500;1,700;1,900&display=swap');\n-@import url(\"colors.css\");\n-*{\n-    font-family: 'Roboto',sans-serif;\n-}\n-\n-.body {\n-    font-family: Arial, sans-serif;\n-    background-color: var(--branco);\n-    margin: 0;\n-    padding: 20px;\n-}\n-\n-.container {\n-    max-width: 1000px;\n-    margin: 0 auto;\n-    background-color: #fff;\n-    border-radius: 8px;\n-    padding: 20px;\n-    box-shadow: 0 4px 6px rgba(0, 0, 0, 0.1);\n-}\n-\n-h1 {\n-    font-size: 24px;\n-    font-weight: bold;\n-    text-align: center;\n-    margin-bottom: 20px;\n-}\n-\n-.form-row {\n-    display: flex;\n-    justify-content: space-between;\n-}\n-\n-.form-group {\n-    margin-bottom: 20px;\n-}\n-\n-.form-group label {\n-    display: block;\n-    font-weight: bold;\n-    margin-bottom: 5px;\n-}\n-\n-.form-group input[type=\"text\"],\n-.form-group input[type=\"email\"],\n-.form-group input[type=\"password\"],\n-.form-group input[type=\"tel\"] {\n-    padding: 8px;\n-    border-radius: 4px;\n-    border: 1px solid #ccc;\n-    box-sizing: border-box;\n-}\n-\n-.input-nome {\n-    width: 100%; /* Largura padrão */\n-}\n-\n-.input-email {\n-    width: 100%; /* Ajuste o tamanho conforme necessário */\n-}\n-\n-.input-cpf {\n-    width: 80%; /* Ajuste o tamanho conforme necessário */\n-}\n-\n-.input-cargo,\n-.input-setor,\n-.input-telefone {\n-    width: 120%; \n-}\n-\n-.input-senha {\n-    width: auto;\n-}\n-\n-.button-group {\n-    display: flex;\n-    flex-direction: row;\n-    margin-top: 10px;\n-    margin-left: 60%;\n-    border: solid 1px red;\n-}\n-\n-.button-group button {\n-    margin-right: 10px;\n-    padding: 10px 20px;\n-    border: none;\n-    border-radius: 4px;\n-    cursor: pointer;\n-    \n-}\n-\n-.adicionar{\n-    height: 40px;\n-}\n-\n-\n-\n-\n"
                },
                {
                    "date": 1716894393551,
                    "content": "Index: \n===================================================================\n--- \n+++ \n@@ -28,14 +28,14 @@\n }\n \n .form-row {\n     display: flex;\n-    justify-content: space-between;\n+    \n }\n \n .form-group {\n     margin-bottom: 20px;\n-    border: soli;\n+    border: solid 1px red;\n }\n \n .form-group label {\n     display: block;\n"
                },
                {
                    "date": 1716894402273,
                    "content": "Index: \n===================================================================\n--- \n+++ \n@@ -28,9 +28,8 @@\n }\n \n .form-row {\n     display: flex;\n-    \n }\n \n .form-group {\n     margin-bottom: 20px;\n"
                },
                {
                    "date": 1716894467169,
                    "content": "Index: \n===================================================================\n--- \n+++ \n@@ -60,9 +60,9 @@\n     width: 100%; /* Ajuste o tamanho conforme necessário */\n }\n \n .input-cpf {\n-    width: 80%; /* Ajuste o tamanho conforme necessário */\n+    width: 100%; /* Ajuste o tamanho conforme necessário */\n }\n \n .input-cargo,\n .input-setor,\n"
                },
                {
                    "date": 1716894597806,
                    "content": "Index: \n===================================================================\n--- \n+++ \n@@ -51,9 +51,9 @@\n     border: 1px solid #ccc;\n     box-sizing: border-box;\n }\n \n-.input-nome {\n+/* .input-nome {\n     width: 100%; /* Largura padrão */\n }\n \n .input-email {\n@@ -61,9 +61,9 @@\n }\n \n .input-cpf {\n     width: 100%; /* Ajuste o tamanho conforme necessário */\n-}\n+} */\n \n .input-cargo,\n .input-setor,\n .input-telefone {\n"
                },
                {
                    "date": 1716894612997,
                    "content": "Index: \n===================================================================\n--- \n+++ \n@@ -51,9 +51,9 @@\n     border: 1px solid #ccc;\n     box-sizing: border-box;\n }\n \n-/* .input-nome {\n+.input-nome {\n     width: 100%; /* Largura padrão */\n }\n \n .input-email {\n@@ -61,9 +61,9 @@\n }\n \n .input-cpf {\n     width: 100%; /* Ajuste o tamanho conforme necessário */\n-} */\n+}\n \n .input-cargo,\n .input-setor,\n .input-telefone {\n"
                },
                {
                    "date": 1716894621486,
                    "content": "Index: \n===================================================================\n--- \n+++ \n@@ -50,12 +50,12 @@\n     border-radius: 4px;\n     border: 1px solid #ccc;\n     box-sizing: border-box;\n }\n-\n+/* \n .input-nome {\n     width: 100%; /* Largura padrão */\n-}\n+} */\n \n .input-email {\n     width: 100%; /* Ajuste o tamanho conforme necessário */\n }\n"
                },
                {
                    "date": 1716894627590,
                    "content": "Index: \n===================================================================\n--- \n+++ \n@@ -52,9 +52,9 @@\n     box-sizing: border-box;\n }\n /* \n .input-nome {\n-    width: 100%; /* Largura padrão */\n+    width: 100%; /* Largura padrão *\n } */\n \n .input-email {\n     width: 100%; /* Ajuste o tamanho conforme necessário */\n"
                },
                {
                    "date": 1716894640068,
                    "content": "Index: \n===================================================================\n--- \n+++ \n@@ -50,12 +50,12 @@\n     border-radius: 4px;\n     border: 1px solid #ccc;\n     box-sizing: border-box;\n }\n-/* \n+\n .input-nome {\n-    width: 100%; /* Largura padrão *\n-} */\n+    width: 100%; /* Largura padrão */\n+}\n \n .input-email {\n     width: 100%; /* Ajuste o tamanho conforme necessário */\n }\n"
                },
                {
                    "date": 1716894649204,
                    "content": "Index: \n===================================================================\n--- \n+++ \n@@ -51,11 +51,8 @@\n     border: 1px solid #ccc;\n     box-sizing: border-box;\n }\n \n-.input-nome {\n-    width: 100%; /* Largura padrão */\n-}\n \n .input-email {\n     width: 100%; /* Ajuste o tamanho conforme necessário */\n }\n"
                },
                {
                    "date": 1716894839660,
                    "content": "Index: \n===================================================================\n--- \n+++ \n@@ -52,16 +52,9 @@\n     box-sizing: border-box;\n }\n \n \n-.input-email {\n-    width: 100%; /* Ajuste o tamanho conforme necessário */\n-}\n \n-.input-cpf {\n-    width: 100%; /* Ajuste o tamanho conforme necessário */\n-}\n-\n .input-cargo,\n .input-setor,\n .input-telefone {\n     width: 120%; \n@@ -74,9 +67,8 @@\n .button-group {\n     display: flex;\n     flex-direction: row;\n     margin-top: 10px;\n-    /* margin-left: 60%; */\n     border: solid 1px red;\n }\n \n .button-group button {\n"
                },
                {
                    "date": 1716894849041,
                    "content": "Index: \n===================================================================\n--- \n+++ \n@@ -62,24 +62,24 @@\n \n .input-senha {\n     width: auto;\n }\n-\n+/* \n .button-group {\n     display: flex;\n     flex-direction: row;\n     margin-top: 10px;\n     border: solid 1px red;\n-}\n+} */\n \n-.button-group button {\n+/* .button-group button {\n     margin-right: 10px;\n     padding: 10px 20px;\n     border: none;\n     border-radius: 4px;\n     cursor: pointer;\n     \n-}\n+} */\n \n .adicionar{\n     height: 40px;\n }\n"
                },
                {
                    "date": 1716894898317,
                    "content": "Index: \n===================================================================\n--- \n+++ \n@@ -51,8 +51,9 @@\n     border: 1px solid #ccc;\n     box-sizing: border-box;\n }\n \n+.in\n \n \n .input-cargo,\n .input-setor,\n"
                },
                {
                    "date": 1716894904380,
                    "content": "Index: \n===================================================================\n--- \n+++ \n@@ -51,9 +51,11 @@\n     border: 1px solid #ccc;\n     box-sizing: border-box;\n }\n \n-.in\n+.input-cpf{\n+    \n+}\n \n \n .input-cargo,\n .input-setor,\n"
                },
                {
                    "date": 1716894915285,
                    "content": "Index: \n===================================================================\n--- \n+++ \n@@ -52,9 +52,9 @@\n     box-sizing: border-box;\n }\n \n .input-cpf{\n-    \n+    border: solid 1px blue;\n }\n \n \n .input-cargo,\n"
                },
                {
                    "date": 1716894950297,
                    "content": "Index: \n===================================================================\n--- \n+++ \n@@ -52,9 +52,9 @@\n     box-sizing: border-box;\n }\n \n .input-cpf{\n-    border: solid 1px blue;\n+    border: solid 3px blue;\n }\n \n \n .input-cargo,\n"
                },
                {
                    "date": 1716894991556,
                    "content": "Index: \n===================================================================\n--- \n+++ \n@@ -51,11 +51,11 @@\n     border: 1px solid #ccc;\n     box-sizing: border-box;\n }\n \n-.input-cpf{\n+/* .input-cpf{\n     border: solid 3px blue;\n-}\n+} */\n \n \n .input-cargo,\n .input-setor,\n"
                },
                {
                    "date": 1716895030746,
                    "content": "Index: \n===================================================================\n--- \n+++ \n@@ -65,24 +65,9 @@\n \n .input-senha {\n     width: auto;\n }\n-/* \n-.button-group {\n-    display: flex;\n-    flex-direction: row;\n-    margin-top: 10px;\n-    border: solid 1px red;\n-} */\n \n-/* .button-group button {\n-    margin-right: 10px;\n-    padding: 10px 20px;\n-    border: none;\n-    border-radius: 4px;\n-    cursor: pointer;\n-    \n-} */\n \n .adicionar{\n     height: 40px;\n }\n"
                },
                {
                    "date": 1716895055779,
                    "content": "Index: \n===================================================================\n--- \n+++ \n@@ -62,13 +62,11 @@\n .input-telefone {\n     width: 120%; \n }\n \n-.input-senha {\n-    width: auto;\n-}\n \n \n+\n .adicionar{\n     height: 40px;\n }\n \n"
                },
                {
                    "date": 1716895070135,
                    "content": "Index: \n===================================================================\n--- \n+++ \n@@ -51,22 +51,8 @@\n     border: 1px solid #ccc;\n     box-sizing: border-box;\n }\n \n-/* .input-cpf{\n-    border: solid 3px blue;\n-} */\n-\n-\n-.input-cargo,\n-.input-setor,\n-.input-telefone {\n-    width: 120%; \n-}\n-\n-\n-\n-\n .adicionar{\n     height: 40px;\n }\n \n"
                },
                {
                    "date": 1716895085666,
                    "content": "Index: \n===================================================================\n--- \n+++ \n@@ -32,9 +32,9 @@\n }\n \n .form-group {\n     margin-bottom: 20px;\n-    border: solid 1px red;\n+    border: solid 1px blue;\n }\n \n .form-group label {\n     display: block;\n"
                },
                {
                    "date": 1716895094776,
                    "content": "Index: \n===================================================================\n--- \n+++ \n@@ -36,9 +36,9 @@\n     border: solid 1px blue;\n }\n \n .form-group label {\n-    display: block;\n+\n     font-weight: bold;\n     margin-bottom: 5px;\n }\n \n"
                },
                {
                    "date": 1716895104225,
                    "content": "Index: \n===================================================================\n--- \n+++ \n@@ -36,9 +36,8 @@\n     border: solid 1px blue;\n }\n \n .form-group label {\n-\n     font-weight: bold;\n     margin-bottom: 5px;\n }\n \n"
                },
                {
                    "date": 1716895116301,
                    "content": "Index: \n===================================================================\n--- \n+++ \n@@ -48,8 +48,9 @@\n     padding: 8px;\n     border-radius: 4px;\n     border: 1px solid #ccc;\n     box-sizing: border-box;\n+    ma\n }\n \n .adicionar{\n     height: 40px;\n"
                },
                {
                    "date": 1716895145128,
                    "content": "Index: \n===================================================================\n--- \n+++ \n@@ -48,9 +48,8 @@\n     padding: 8px;\n     border-radius: 4px;\n     border: 1px solid #ccc;\n     box-sizing: border-box;\n-    ma\n }\n \n .adicionar{\n     height: 40px;\n"
                },
                {
                    "date": 1716897510531,
                    "content": "Index: \n===================================================================\n--- \n+++ \n@@ -19,15 +19,8 @@\n     padding: 20px;\n     box-shadow: 0 4px 6px rgba(0, 0, 0, 0.1);\n }\n \n-h1 {\n-    font-size: 24px;\n-    font-weight: bold;\n-    text-align: center;\n-    margin-bottom: 20px;\n-}\n-\n .form-row {\n     display: flex;\n }\n \n"
                },
                {
                    "date": 1716897537540,
                    "content": "Index: \n===================================================================\n--- \n+++ \n@@ -33,12 +33,9 @@\n     font-weight: bold;\n     margin-bottom: 5px;\n }\n \n-.form-group input[type=\"text\"],\n-.form-group input[type=\"email\"],\n-.form-group input[type=\"password\"],\n-.form-group input[type=\"tel\"] {\n+.form-group input[type=\"text\"]{\n     padding: 8px;\n     border-radius: 4px;\n     border: 1px solid #ccc;\n     box-sizing: border-box;\n"
                },
                {
                    "date": 1716897544707,
                    "content": "Index: \n===================================================================\n--- \n+++ \n@@ -33,9 +33,9 @@\n     font-weight: bold;\n     margin-bottom: 5px;\n }\n \n-.form-group input[type=\"text\"]{\n+input{\n     padding: 8px;\n     border-radius: 4px;\n     border: 1px solid #ccc;\n     box-sizing: border-box;\n"
                },
                {
                    "date": 1716897550086,
                    "content": "Index: \n===================================================================\n--- \n+++ \n@@ -33,15 +33,8 @@\n     font-weight: bold;\n     margin-bottom: 5px;\n }\n \n-input{\n-    padding: 8px;\n-    border-radius: 4px;\n-    border: 1px solid #ccc;\n-    box-sizing: border-box;\n-}\n-\n .adicionar{\n     height: 40px;\n }\n \n"
                },
                {
                    "date": 1716897651484,
                    "content": "Index: \n===================================================================\n--- \n+++ \n@@ -25,9 +25,9 @@\n }\n \n .form-group {\n     margin-bottom: 20px;\n-    border: solid 1px blue;\n+    border: solid 1px red;\n }\n \n .form-group label {\n     font-weight: bold;\n"
                },
                {
                    "date": 1716899543417,
                    "content": "Index: \n===================================================================\n--- \n+++ \n@@ -24,10 +24,9 @@\n     display: flex;\n }\n \n .form-group {\n-    margin-bottom: 20px;\n-    border: solid 1px red;\n+    margin-bottom: 20px;    border: solid 1px red;\n }\n \n .form-group label {\n     font-weight: bold;\n"
                },
                {
                    "date": 1716899550993,
                    "content": "Index: \n===================================================================\n--- \n+++ \n@@ -24,9 +24,10 @@\n     display: flex;\n }\n \n .form-group {\n-    margin-bottom: 20px;    border: solid 1px red;\n+    margin-bottom: 20px;\n+    border: solid 1px red;\n }\n \n .form-group label {\n     font-weight: bold;\n"
                },
                {
                    "date": 1716904627522,
                    "content": "Index: \n===================================================================\n--- \n+++ \n@@ -1,6 +1,6 @@\n @import url('https://fonts.googleapis.com/css2?family=Roboto:ital,wght@0,100;0,300;0,400;0,500;0,700;0,900;1,100;1,300;1,400;1,500;1,700;1,900&display=swap');\n-@import url(\"colors.css\");\n+@import url(\"\");\n *{\n     font-family: 'Roboto',sans-serif;\n }\n \n"
                },
                {
                    "date": 1716904641842,
                    "content": "Index: \n===================================================================\n--- \n+++ \n@@ -1,6 +1,6 @@\n-@import url('https://fonts.googleapis.com/css2?family=Roboto:ital,wght@0,100;0,300;0,400;0,500;0,700;0,900;1,100;1,300;1,400;1,500;1,700;1,900&display=swap');\n-@import url(\"\");\n+\n+@import url(\"global.css\");\n *{\n     font-family: 'Roboto',sans-serif;\n }\n \n"
                },
                {
                    "date": 1716904670087,
                    "content": "Index: \n===================================================================\n--- \n+++ \n@@ -1,6 +1,6 @@\n+@import url(\"global.css\");\n \n-@import url(\"global.css\");\n *{\n     font-family: 'Roboto',sans-serif;\n }\n \n@@ -21,8 +21,9 @@\n }\n \n .form-row {\n     display: flex;\n+    border: solid 1px red;\n }\n \n .form-group {\n     margin-bottom: 20px;\n"
                },
                {
                    "date": 1716904867601,
                    "content": "Index: \n===================================================================\n--- \n+++ \n@@ -23,13 +23,13 @@\n .form-row {\n     display: flex;\n     border: solid 1px red;\n }\n-\n+/* \n .form-group {\n     margin-bottom: 20px;\n     border: solid 1px red;\n-}\n+} */\n \n .form-group label {\n     font-weight: bold;\n     margin-bottom: 5px;\n"
                }
            ],
            "date": 1716893694936,
            "name": "Commit-0",
            "content": "@import url('https://fonts.googleapis.com/css2?family=Roboto:ital,wght@0,100;0,300;0,400;0,500;0,700;0,900;1,100;1,300;1,400;1,500;1,700;1,900&display=swap');\n@import url(\"colors.css\");\n*{\n    font-family: 'Roboto',sans-serif;\n}\n\n.body {\n    font-family: Arial, sans-serif;\n    background-color: var(--branco);\n    margin: 0;\n    padding: 20px;\n}\n\n.container {\n    max-width: 1000px;\n    margin: 0 auto;\n    background-color: #fff;\n    border-radius: 8px;\n    padding: 20px;\n    box-shadow: 0 4px 6px rgba(0, 0, 0, 0.1);\n}\n\nh1 {\n    font-size: 24px;\n    font-weight: bold;\n    text-align: center;\n    margin-bottom: 20px;\n}\n\n.form-row {\n    display: flex;\n    justify-content: space-between;\n}\n\n.form-group {\n    margin-bottom: 20px;\n}\n\n.form-group label {\n    display: block;\n    font-weight: bold;\n    margin-bottom: 5px;\n}\n\n.form-group input[type=\"text\"],\n.form-group input[type=\"email\"],\n.form-group input[type=\"password\"],\n.form-group input[type=\"tel\"] {\n    padding: 8px;\n    border-radius: 4px;\n    border: 1px solid #ccc;\n    box-sizing: border-box;\n}\n\n.input-nome {\n    width: 100%; /* Largura padrão */\n}\n\n.input-email {\n    width: ; /* Ajuste o tamanho conforme necessário */\n}\n\n.input-cpf {\n    width: 400px; /* Ajuste o tamanho conforme necessário */\n}\n\n.input-cargo,\n.input-setor,\n.input-telefone {\n    width: 300px; \n}\n\n.input-senha {\n    width: auto;\n}\n\n.button-group {\n    display: flex;\n    flex-direction: row;\n    margin-top: 10px;\n    margin-left: 74%;\n}\n\n.button-group button {\n    margin-right: 10px;\n    padding: 10px 20px;\n    border: none;\n    border-radius: 4px;\n    cursor: pointer;\n    \n}\n\n.adicionar{\n    height: 40px;\n}\n\n\n\n\n"
        }
    ]
}