{
    "sourceFile": "src/main/resources/templates/employee/employee-form.html",
    "activeCommit": 0,
    "commits": [
        {
            "activePatchIndex": 15,
            "patches": [
                {
                    "date": 1716893920020,
                    "content": "Index: \n===================================================================\n--- \n+++ \n"
                },
                {
                    "date": 1716893926363,
                    "content": "Index: \n===================================================================\n--- \n+++ \n@@ -5,9 +5,9 @@\n     <meta charset=\"UTF-8\">\n     <meta name=\"viewport\" content=\"width=device-width, initial-scale=1.0\">\n     <link rel=\"stylesheet\" th:href=\"@{/css/campos.css}\">\n     <link rel=\"stylesheet\" th:href=\"@{/css/global.css}\">\n-    <link rel=\"stylesheet\" th:href=\"@{/css/global.css}\">\n+    <link rel=\"stylesheet\" th:href=\"@{/css/editar.css}\">\n     <link rel=\"shotcut icon\" th:href=\"@{/img/Logo_CashFlow.png}\">\n     <title>Formulário</title>\n </head>\n \n"
                },
                {
                    "date": 1716893932284,
                    "content": "Index: \n===================================================================\n--- \n+++ \n@@ -5,9 +5,9 @@\n     <meta charset=\"UTF-8\">\n     <meta name=\"viewport\" content=\"width=device-width, initial-scale=1.0\">\n     <link rel=\"stylesheet\" th:href=\"@{/css/campos.css}\">\n     <link rel=\"stylesheet\" th:href=\"@{/css/global.css}\">\n-    <link rel=\"stylesheet\" th:href=\"@{/css/editar.css}\">\n+    <link rel=\"stylesheet\" th:href=\"@{/css/editarColaborado.css}\">\n     <link rel=\"shotcut icon\" th:href=\"@{/img/Logo_CashFlow.png}\">\n     <title>Formulário</title>\n </head>\n \n"
                },
                {
                    "date": 1716893945893,
                    "content": "Index: \n===================================================================\n--- \n+++ \n@@ -5,9 +5,9 @@\n     <meta charset=\"UTF-8\">\n     <meta name=\"viewport\" content=\"width=device-width, initial-scale=1.0\">\n     <link rel=\"stylesheet\" th:href=\"@{/css/campos.css}\">\n     <link rel=\"stylesheet\" th:href=\"@{/css/global.css}\">\n-    <link rel=\"stylesheet\" th:href=\"@{/css/editarColaborado.css}\">\n+    <link rel=\"stylesheet\" th:href=\"@{/css/editarColaboradores.css}\">\n     <link rel=\"shotcut icon\" th:href=\"@{/img/Logo_CashFlow.png}\">\n     <title>Formulário</title>\n </head>\n \n"
                },
                {
                    "date": 1716894045852,
                    "content": "Index: \n===================================================================\n--- \n+++ \n@@ -5,9 +5,9 @@\n     <meta charset=\"UTF-8\">\n     <meta name=\"viewport\" content=\"width=device-width, initial-scale=1.0\">\n     <link rel=\"stylesheet\" th:href=\"@{/css/campos.css}\">\n     <link rel=\"stylesheet\" th:href=\"@{/css/global.css}\">\n-    <link rel=\"stylesheet\" th:href=\"@{/css/editarColaboradores.css}\">\n+    <link rel=\"stylesheet\" th:href=\"@{/css/editar}\">\n     <link rel=\"shotcut icon\" th:href=\"@{/img/Logo_CashFlow.png}\">\n     <title>Formulário</title>\n </head>\n \n"
                },
                {
                    "date": 1716894051351,
                    "content": "Index: \n===================================================================\n--- \n+++ \n@@ -5,9 +5,9 @@\n     <meta charset=\"UTF-8\">\n     <meta name=\"viewport\" content=\"width=device-width, initial-scale=1.0\">\n     <link rel=\"stylesheet\" th:href=\"@{/css/campos.css}\">\n     <link rel=\"stylesheet\" th:href=\"@{/css/global.css}\">\n-    <link rel=\"stylesheet\" th:href=\"@{/css/editar}\">\n+    <link rel=\"stylesheet\" th:href=\"@{/css/editarColabora}\">\n     <link rel=\"shotcut icon\" th:href=\"@{/img/Logo_CashFlow.png}\">\n     <title>Formulário</title>\n </head>\n \n"
                },
                {
                    "date": 1716894360328,
                    "content": "Index: \n===================================================================\n--- \n+++ \n@@ -0,0 +1,62 @@\n+<!DOCTYPE html>\n+<html lang=\"pt-br\" xmlns:th=\"http://www.thymeleaf.org\">\n+\n+<head>\n+    <meta charset=\"UTF-8\">\n+    <meta name=\"viewport\" content=\"width=device-width, initial-scale=1.0\">\n+    <link rel=\"stylesheet\" th:href=\"@{/css/campos.css}\">\n+    <link rel=\"stylesheet\" th:href=\"@{/css/global.css}\">\n+    <link rel=\"stylesheet\" th:href=\"@{/css/editarColaborador.css}\">\n+    <link rel=\"shotcut icon\" th:href=\"@{/img/Logo_CashFlow.png}\">\n+    <title>Formulário</title>\n+</head>\n+\n+<body style=\"background-color: var(--branco)\">\n+    <div th:replace=\"fragmento/header :: header\"></div>\n+\n+    <form th:action=\"${mode == 'create'} ? @{/employee/create} : @{/employee/update/__${id}__}\" th:object=\"${employee}\"\n+        method=\"post\">\n+        <h1 id=\"titulo\" th:text=\"${mode == 'create'} ? 'Adicionar um colaborador' : 'Editar um colaborador'\"></h1>\n+        <div class=\"container\">\n+            <div>\n+                <div class=\"form-group\">\n+                    <label for=\"nome\">Nome:</label>\n+                    <input type=\"text\" id=\"nome\" name=\"name\" class=\"input-nome\" th:field=\"*{name}\" required>\n+                </div>\n+                <div class=\"form-row\">\n+                    <div class=\"form-group\">\n+                        <label for=\"email\">Email:</label>\n+                        <input type=\"email\" id=\"email\" name=\"email\" class=\"input-email large-input\" th:field=\"*{email}\"\n+                            required>\n+                    </div>\n+                    <div class=\"form-group\">\n+                        <label for=\"cpf\">CPF:</label>\n+                        <input type=\"text\" id=\"cpf\" name=\"cpf\" class=\"input-cpf \" th:field=\"*{cpf}\" required>\n+                    </div>\n+                </div>\n+                <div class=\"form-row\">\n+                    <div class=\"form-group\">\n+                        <label for=\"setor\">Setor:</label>\n+                        <input type=\"text\" id=\"setor\" name=\"department\" class=\"input-setor\" th:field=\"*{department}\">\n+                    </div>\n+                    <div class=\"form-group\">\n+                        <label for=\"telefone\">Telefone:</label>\n+                        <input type=\"tel\" id=\"telefone\" name=\"phone\" class=\"input-telefone\" th:field=\"*{phone}\"\n+                            required>\n+                    </div>\n+                </div>\n+                <div class=\"form-group\">\n+                    <label for=\"senha\">Senha:</label>\n+                    <input type=\"password\" id=\"senha\" name=\"password\" class=\"input-senha\" required>\n+                </div>\n+            </div>\n+        </div>\n+        <div class=\"button-group\" id=\"button-group\">\n+            <button class=\"button\" type=\"submit\">Salvar</button>\n+            <a class=\"button_vermelho cancelar\" th:href=\"@{/employee/list}\">Cancelar</a>\n+        </div>\n+    </form>\n+    \n+</body>\n+\n+</html>\n\\ No newline at end of file\n"
                },
                {
                    "date": 1716894421575,
                    "content": "Index: \n===================================================================\n--- \n+++ \n@@ -25,9 +25,9 @@\n                 </div>\n                 <div class=\"form-row\">\n                     <div class=\"form-group\">\n                         <label for=\"email\">Email:</label>\n-                        <input type=\"email\" id=\"email\" name=\"email\" class=\"input-email large-input\" th:field=\"*{email}\"\n+                        <input type=\"email\"  name=\"email\" class=\"input-email large-input\" th:field=\"*{email}\"\n                             required>\n                     </div>\n                     <div class=\"form-group\">\n                         <label for=\"cpf\">CPF:</label>\n@@ -58,67 +58,5 @@\n     </form>\n     \n </body>\n \n-</html>\n-<!DOCTYPE html>\n-<html lang=\"pt-br\" xmlns:th=\"http://www.thymeleaf.org\">\n-\n-<head>\n-    <meta charset=\"UTF-8\">\n-    <meta name=\"viewport\" content=\"width=device-width, initial-scale=1.0\">\n-    <link rel=\"stylesheet\" th:href=\"@{/css/campos.css}\">\n-    <link rel=\"stylesheet\" th:href=\"@{/css/global.css}\">\n-    <link rel=\"stylesheet\" th:href=\"@{/css/editarColabora}\">\n-    <link rel=\"shotcut icon\" th:href=\"@{/img/Logo_CashFlow.png}\">\n-    <title>Formulário</title>\n-</head>\n-\n-<body style=\"background-color: var(--branco)\">\n-    <div th:replace=\"fragmento/header :: header\"></div>\n-\n-    <form th:action=\"${mode == 'create'} ? @{/employee/create} : @{/employee/update/__${id}__}\" th:object=\"${employee}\"\n-        method=\"post\">\n-        <h1 id=\"titulo\" th:text=\"${mode == 'create'} ? 'Adicionar um colaborador' : 'Editar um colaborador'\"></h1>\n-        <div class=\"container\">\n-            <div>\n-                <div class=\"form-group\">\n-                    <label for=\"nome\">Nome:</label>\n-                    <input type=\"text\" id=\"nome\" name=\"name\" class=\"input-nome\" th:field=\"*{name}\" required>\n-                </div>\n-                <div class=\"form-row\">\n-                    <div class=\"form-group\">\n-                        <label for=\"email\">Email:</label>\n-                        <input type=\"email\" id=\"email\" name=\"email\" class=\"input-email large-input\" th:field=\"*{email}\"\n-                            required>\n-                    </div>\n-                    <div class=\"form-group\">\n-                        <label for=\"cpf\">CPF:</label>\n-                        <input type=\"text\" id=\"cpf\" name=\"cpf\" class=\"input-cpf large-input\" th:field=\"*{cpf}\" required>\n-                    </div>\n-                </div>\n-                <div class=\"form-row\">\n-                    <div class=\"form-group\">\n-                        <label for=\"setor\">Setor:</label>\n-                        <input type=\"text\" id=\"setor\" name=\"department\" class=\"input-setor\" th:field=\"*{department}\">\n-                    </div>\n-                    <div class=\"form-group\">\n-                        <label for=\"telefone\">Telefone:</label>\n-                        <input type=\"tel\" id=\"telefone\" name=\"phone\" class=\"input-telefone\" th:field=\"*{phone}\"\n-                            required>\n-                    </div>\n-                </div>\n-                <div class=\"form-group\">\n-                    <label for=\"senha\">Senha:</label>\n-                    <input type=\"password\" id=\"senha\" name=\"password\" class=\"input-senha\" required>\n-                </div>\n-            </div>\n-        </div>\n-        <div class=\"button-group\" id=\"button-group\">\n-            <button class=\"button\" type=\"submit\">Salvar</button>\n-            <a class=\"button_vermelho cancelar\" th:href=\"@{/employee/list}\">Cancelar</a>\n-        </div>\n-    </form>\n-    \n-</body>\n-\n </html>\n\\ No newline at end of file\n"
                },
                {
                    "date": 1716894426943,
                    "content": "Index: \n===================================================================\n--- \n+++ \n@@ -25,9 +25,9 @@\n                 </div>\n                 <div class=\"form-row\">\n                     <div class=\"form-group\">\n                         <label for=\"email\">Email:</label>\n-                        <input type=\"email\"  name=\"email\" class=\"input-email large-input\" th:field=\"*{email}\"\n+                        <input type=\"email\" id=\"email\" name=\"email\" class=\"input-email large-input\" th:field=\"*{email}\"\n                             required>\n                     </div>\n                     <div class=\"form-group\">\n                         <label for=\"cpf\">CPF:</label>\n"
                },
                {
                    "date": 1716894434112,
                    "content": "Index: \n===================================================================\n--- \n+++ \n@@ -25,9 +25,9 @@\n                 </div>\n                 <div class=\"form-row\">\n                     <div class=\"form-group\">\n                         <label for=\"email\">Email:</label>\n-                        <input type=\"email\" id=\"email\" name=\"email\" class=\"input-email large-input\" th:field=\"*{email}\"\n+                        <input type=\"email\" id=\"email\" name=\"email\" class=\"input-email\" th:field=\"*{email}\"\n                             required>\n                     </div>\n                     <div class=\"form-group\">\n                         <label for=\"cpf\">CPF:</label>\n"
                },
                {
                    "date": 1716894441125,
                    "content": "Index: \n===================================================================\n--- \n+++ \n@@ -30,9 +30,9 @@\n                             required>\n                     </div>\n                     <div class=\"form-group\">\n                         <label for=\"cpf\">CPF:</label>\n-                        <input type=\"text\" id=\"cpf\" name=\"cpf\" class=\"input-cpf \" th:field=\"*{cpf}\" required>\n+                        <!-- <input type=\"text\" id=\"cpf\" name=\"cpf\" class=\"input-cpf \" th:field=\"*{cpf}\" required> -->\n                     </div>\n                 </div>\n                 <div class=\"form-row\">\n                     <div class=\"form-group\">\n"
                },
                {
                    "date": 1716894459457,
                    "content": "Index: \n===================================================================\n--- \n+++ \n@@ -30,9 +30,9 @@\n                             required>\n                     </div>\n                     <div class=\"form-group\">\n                         <label for=\"cpf\">CPF:</label>\n-                        <!-- <input type=\"text\" id=\"cpf\" name=\"cpf\" class=\"input-cpf \" th:field=\"*{cpf}\" required> -->\n+                        <input type=\"text\" id=\"cpf\" name=\"cpf\" class=\"input-cpf \" th:field=\"*{cpf}\" required>\n                     </div>\n                 </div>\n                 <div class=\"form-row\">\n                     <div class=\"form-group\">\n"
                },
                {
                    "date": 1716894557065,
                    "content": "Index: \n===================================================================\n--- \n+++ \n@@ -30,9 +30,9 @@\n                             required>\n                     </div>\n                     <div class=\"form-group\">\n                         <label for=\"cpf\">CPF:</label>\n-                        <input type=\"text\" id=\"cpf\" name=\"cpf\" class=\"input-cpf \" th:field=\"*{cpf}\" required>\n+                        <input type=\"text\" id=\"cpf\" name=\"cpf\" class=\"\" th:field=\"*{cpf}\" required>\n                     </div>\n                 </div>\n                 <div class=\"form-row\">\n                     <div class=\"form-group\">\n"
                },
                {
                    "date": 1716894573072,
                    "content": "Index: \n===================================================================\n--- \n+++ \n@@ -3,9 +3,9 @@\n \n <head>\n     <meta charset=\"UTF-8\">\n     <meta name=\"viewport\" content=\"width=device-width, initial-scale=1.0\">\n-    <link rel=\"stylesheet\" th:href=\"@{/css/campos.css}\">\n+    <!-- <link rel=\"stylesheet\" th:href=\"@{/css/campos.css}\"> -->\n     <link rel=\"stylesheet\" th:href=\"@{/css/global.css}\">\n     <link rel=\"stylesheet\" th:href=\"@{/css/editarColaborador.css}\">\n     <link rel=\"shotcut icon\" th:href=\"@{/img/Logo_CashFlow.png}\">\n     <title>Formulário</title>\n"
                },
                {
                    "date": 1716894587603,
                    "content": "Index: \n===================================================================\n--- \n+++ \n@@ -3,9 +3,9 @@\n \n <head>\n     <meta charset=\"UTF-8\">\n     <meta name=\"viewport\" content=\"width=device-width, initial-scale=1.0\">\n-    <!-- <link rel=\"stylesheet\" th:href=\"@{/css/campos.css}\"> -->\n+    <link rel=\"stylesheet\" th:href=\"@{/css/campos.css}\">\n     <link rel=\"stylesheet\" th:href=\"@{/css/global.css}\">\n     <link rel=\"stylesheet\" th:href=\"@{/css/editarColaborador.css}\">\n     <link rel=\"shotcut icon\" th:href=\"@{/img/Logo_CashFlow.png}\">\n     <title>Formulário</title>\n"
                },
                {
                    "date": 1716894884979,
                    "content": "Index: \n===================================================================\n--- \n+++ \n@@ -30,9 +30,9 @@\n                             required>\n                     </div>\n                     <div class=\"form-group\">\n                         <label for=\"cpf\">CPF:</label>\n-                        <input type=\"text\" id=\"cpf\" name=\"cpf\" class=\"\" th:field=\"*{cpf}\" required>\n+                        <input type=\"text\" id=\"cpf\" name=\"cpf\" class=\"inpu\" th:field=\"*{cpf}\" required>\n                     </div>\n                 </div>\n                 <div class=\"form-row\">\n                     <div class=\"form-group\">\n"
                }
            ],
            "date": 1716893920020,
            "name": "Commit-0",
            "content": "<!DOCTYPE html>\n<html lang=\"pt-br\" xmlns:th=\"http://www.thymeleaf.org\">\n\n<head>\n    <meta charset=\"UTF-8\">\n    <meta name=\"viewport\" content=\"width=device-width, initial-scale=1.0\">\n    <link rel=\"stylesheet\" th:href=\"@{/css/campos.css}\">\n    <link rel=\"stylesheet\" th:href=\"@{/css/global.css}\">\n    <link rel=\"stylesheet\" th:href=\"@{/css/global.css}\">\n    <link rel=\"shotcut icon\" th:href=\"@{/img/Logo_CashFlow.png}\">\n    <title>Formulário</title>\n</head>\n\n<body style=\"background-color: var(--branco)\">\n    <div th:replace=\"fragmento/header :: header\"></div>\n\n    <form th:action=\"${mode == 'create'} ? @{/employee/create} : @{/employee/update/__${id}__}\" th:object=\"${employee}\"\n        method=\"post\">\n        <h1 id=\"titulo\" th:text=\"${mode == 'create'} ? 'Adicionar um colaborador' : 'Editar um colaborador'\"></h1>\n        <div class=\"container\">\n            <div>\n                <div class=\"form-group\">\n                    <label for=\"nome\">Nome:</label>\n                    <input type=\"text\" id=\"nome\" name=\"name\" class=\"input-nome\" th:field=\"*{name}\" required>\n                </div>\n                <div class=\"form-row\">\n                    <div class=\"form-group\">\n                        <label for=\"email\">Email:</label>\n                        <input type=\"email\" id=\"email\" name=\"email\" class=\"input-email large-input\" th:field=\"*{email}\"\n                            required>\n                    </div>\n                    <div class=\"form-group\">\n                        <label for=\"cpf\">CPF:</label>\n                        <input type=\"text\" id=\"cpf\" name=\"cpf\" class=\"input-cpf large-input\" th:field=\"*{cpf}\" required>\n                    </div>\n                </div>\n                <div class=\"form-row\">\n                    <div class=\"form-group\">\n                        <label for=\"setor\">Setor:</label>\n                        <input type=\"text\" id=\"setor\" name=\"department\" class=\"input-setor\" th:field=\"*{department}\">\n                    </div>\n                    <div class=\"form-group\">\n                        <label for=\"telefone\">Telefone:</label>\n                        <input type=\"tel\" id=\"telefone\" name=\"phone\" class=\"input-telefone\" th:field=\"*{phone}\"\n                            required>\n                    </div>\n                </div>\n                <div class=\"form-group\">\n                    <label for=\"senha\">Senha:</label>\n                    <input type=\"password\" id=\"senha\" name=\"password\" class=\"input-senha\" required>\n                </div>\n            </div>\n        </div>\n        <div class=\"button-group\" id=\"button-group\">\n            <button class=\"button\" type=\"submit\">Salvar</button>\n            <a class=\"button_vermelho cancelar\" th:href=\"@{/employee/list}\">Cancelar</a>\n        </div>\n    </form>\n    \n</body>\n\n</html>"
        }
    ]
}