{
    "sourceFile": "src/main/resources/templates/travel/travel-form.html",
    "activeCommit": 0,
    "commits": [
        {
            "activePatchIndex": 24,
            "patches": [
                {
                    "date": 1716893434110,
                    "content": "Index: \n===================================================================\n--- \n+++ \n"
                },
                {
                    "date": 1716895247276,
                    "content": "Index: \n===================================================================\n--- \n+++ \n@@ -3,9 +3,9 @@\n \n <head>\n     <meta charset=\"UTF-8\">\n     <meta name=\"viewport\" content=\"width=device-width, initial-scale=1.0\">\n-    <link rel=\"stylesheet\" th:href=\"@{/css/campos.css}\">\n+    <!-- <link rel=\"stylesheet\" th:href=\"@{/css/campos.css}\"> -->\n     <link rel=\"stylesheet\" th:href=\"@{/css/global.css}\">\n     <link rel=\"stylesheet\" th:href=\"@{/css/editarViagem.css}\">\n     <link rel=\"shotcut icon\" th:href=\"@{/img/Logo_CashFlow.png}\">\n     <title>Formulário</title>\n"
                },
                {
                    "date": 1716895255655,
                    "content": "Index: \n===================================================================\n--- \n+++ \n@@ -3,9 +3,9 @@\n \n <head>\n     <meta charset=\"UTF-8\">\n     <meta name=\"viewport\" content=\"width=device-width, initial-scale=1.0\">\n-    <!-- <link rel=\"stylesheet\" th:href=\"@{/css/campos.css}\"> -->\n+    <link rel=\"stylesheet\" th:href=\"@{/css/campos.css}\">\n     <link rel=\"stylesheet\" th:href=\"@{/css/global.css}\">\n     <link rel=\"stylesheet\" th:href=\"@{/css/editarViagem.css}\">\n     <link rel=\"shotcut icon\" th:href=\"@{/img/Logo_CashFlow.png}\">\n     <title>Formulário</title>\n"
                },
                {
                    "date": 1716895838660,
                    "content": "Index: \n===================================================================\n--- \n+++ \n@@ -22,9 +22,9 @@\n             <div>\n                 <div class=\"form-row\">\n                     <div class=\"form-group origem\">\n                         <label for=\"origin\">Origem:</label>\n-                        <input type=\"text\" id=\"origin\" name=\"origin\" class=\"input-nome\" th:field=\"*{origin}\" required>\n+                        <input type=\"text\" id=\"origin\" name=\"origin\" class=\"input-origem\" th:field=\"*{origin}\" required>\n                     </div>\n                     <div class=\"box_datas\">\n \n                         <div class=\"form-group data\">\n"
                },
                {
                    "date": 1716896038123,
                    "content": "Index: \n===================================================================\n--- \n+++ \n@@ -48,9 +48,9 @@\n                     </div>\n                 </div>\n                 <div class=\"form-group\">\n                     <label for=\"description\">Descrição:</label>\n-                    <input type=\"text\" id=\"description\" name=\"description\" class=\"input-telefone\"\n+                    <input type=\"text\" id=\"description\" name=\"description\" class=\"input-descricao\"\n                         th:field=\"*{description}\" required>\n                 </div>\n                 <div class=\"form-group\">\n                     <label for=\"employee\">Colaborador:</label>\n"
                },
                {
                    "date": 1716896380524,
                    "content": "Index: \n===================================================================\n--- \n+++ \n@@ -42,9 +42,9 @@\n                 </div>\n                 <div class=\"form-row\">\n                     <div class=\"form-group\">\n                         <label for=\"destination\">Destino:</label>\n-                        <input type=\"text\" id=\"destination\" name=\"destination\" class=\"input-email large-input\"\n+                        <input type=\"text\" id=\"destination\" name=\"destination\" class=\"input-destin large-input\"\n                             th:field=\"*{destination}\" required>\n                     </div>\n                 </div>\n                 <div class=\"form-group\">\n"
                },
                {
                    "date": 1716896586313,
                    "content": "Index: \n===================================================================\n--- \n+++ \n@@ -42,9 +42,9 @@\n                 </div>\n                 <div class=\"form-row\">\n                     <div class=\"form-group\">\n                         <label for=\"destination\">Destino:</label>\n-                        <input type=\"text\" id=\"destination\" name=\"destination\" class=\"input-destin large-input\"\n+                        <input type=\"text\" id=\"destination\" name=\"destination\" class=\"input-destino\"\n                             th:field=\"*{destination}\" required>\n                     </div>\n                 </div>\n                 <div class=\"form-group\">\n"
                },
                {
                    "date": 1716898322180,
                    "content": "Index: \n===================================================================\n--- \n+++ \n@@ -39,9 +39,9 @@\n                                 style=\"border: solid 1px var(--cinza);height: 30px;\">\n                         </div>\n                     </div>\n                 </div>\n-                <div class=\"form-row\">\n+                <div class=\"    \">\n                     <div class=\"form-group\">\n                         <label for=\"destination\">Destino:</label>\n                         <input type=\"text\" id=\"destination\" name=\"destination\" class=\"input-destino\"\n                             th:field=\"*{destination}\" required>\n"
                },
                {
                    "date": 1716899765953,
                    "content": "Index: \n===================================================================\n--- \n+++ \n@@ -33,9 +33,9 @@\n                                 style=\"border: solid 1px var(--cinza); height: 30px;\" th:field=\"*{startDate}\" required\n                                 minlength=\"15\">\n                         </div>\n                         <div class=\"form-group data\">\n-                            <label for=\"endDate\" style=\"margin-left: 20px;\">Fim:</label>\n+                            <label for=\"endDate\">Fim:</label>\n                             <input type=\"date\" id=\"endDate\" name=\"department\" class=\"input-setor\" th:field=\"*{endDate}\"\n                                 style=\"border: solid 1px var(--cinza);height: 30px;\">\n                         </div>\n                     </div>\n"
                },
                {
                    "date": 1716899790878,
                    "content": "Index: \n===================================================================\n--- \n+++ \n@@ -35,9 +35,8 @@\n                         </div>\n                         <div class=\"form-group data\">\n                             <label for=\"endDate\">Fim:</label>\n                             <input type=\"date\" id=\"endDate\" name=\"department\" class=\"input-setor\" th:field=\"*{endDate}\"\n-                                style=\"border: solid 1px var(--cinza);height: 30px;\">\n                         </div>\n                     </div>\n                 </div>\n                 <div class=\"    \">\n"
                },
                {
                    "date": 1716899805438,
                    "content": "Index: \n===================================================================\n--- \n+++ \n@@ -34,9 +34,9 @@\n                                 minlength=\"15\">\n                         </div>\n                         <div class=\"form-group data\">\n                             <label for=\"endDate\">Fim:</label>\n-                            <input type=\"date\" id=\"endDate\" name=\"department\" class=\"input-setor\" th:field=\"*{endDate}\"\n+                            <input type=\"date\" id=\"endDate\" name=\"department\" class=\"input-setor\" th:field=\"*{endDate}\">\n                         </div>\n                     </div>\n                 </div>\n                 <div class=\"    \">\n"
                },
                {
                    "date": 1716899883523,
                    "content": "Index: \n===================================================================\n--- \n+++ \n@@ -29,9 +29,9 @@\n \n                         <div class=\"form-group data\">\n                             <label for=\"startDate\">Inicio:</label>\n                             <input type=\"date\" id=\"startDate\" name=\"startDate\" class=\"input-cpf large-input\"\n-                                style=\"border: solid 1px var(--cinza); height: 30px;\" th:field=\"*{startDate}\" required\n+                                 th:field=\"*{startDate}\" required\n                                 minlength=\"15\">\n                         </div>\n                         <div class=\"form-group data\">\n                             <label for=\"endDate\">Fim:</label>\n"
                },
                {
                    "date": 1716899893671,
                    "content": "Index: \n===================================================================\n--- \n+++ \n@@ -28,11 +28,9 @@\n                     <div class=\"box_datas\">\n \n                         <div class=\"form-group data\">\n                             <label for=\"startDate\">Inicio:</label>\n-                            <input type=\"date\" id=\"startDate\" name=\"startDate\" class=\"input-cpf large-input\"\n-                                 th:field=\"*{startDate}\" required\n-                                minlength=\"15\">\n+                            <input type=\"date\" id=\"startDate\" name=\"startDate\" class=\"input-cpf large-input\"th:field=\"*{startDate}\" requiredminlength=\"15\">\n                         </div>\n                         <div class=\"form-group data\">\n                             <label for=\"endDate\">Fim:</label>\n                             <input type=\"date\" id=\"endDate\" name=\"department\" class=\"input-setor\" th:field=\"*{endDate}\">\n"
                },
                {
                    "date": 1716904723376,
                    "content": "Index: \n===================================================================\n--- \n+++ \n@@ -5,9 +5,9 @@\n     <meta charset=\"UTF-8\">\n     <meta name=\"viewport\" content=\"width=device-width, initial-scale=1.0\">\n     <link rel=\"stylesheet\" th:href=\"@{/css/campos.css}\">\n     <link rel=\"stylesheet\" th:href=\"@{/css/global.css}\">\n-    <link rel=\"stylesheet\" th:href=\"@{/css/editarViagem.css}\">\n+    <!-- <link rel=\"stylesheet\" th:href=\"@{/css/editarViagem.css}\"> -->\n     <link rel=\"shotcut icon\" th:href=\"@{/img/Logo_CashFlow.png}\">\n     <title>Formulário</title>\n </head>\n \n"
                },
                {
                    "date": 1716905002801,
                    "content": "Index: \n===================================================================\n--- \n+++ \n@@ -5,9 +5,9 @@\n     <meta charset=\"UTF-8\">\n     <meta name=\"viewport\" content=\"width=device-width, initial-scale=1.0\">\n     <link rel=\"stylesheet\" th:href=\"@{/css/campos.css}\">\n     <link rel=\"stylesheet\" th:href=\"@{/css/global.css}\">\n-    <!-- <link rel=\"stylesheet\" th:href=\"@{/css/editarViagem.css}\"> -->\n+    <link rel=\"stylesheet\" th:href=\"@{/css/editarViagem.css}\">\n     <link rel=\"shotcut icon\" th:href=\"@{/img/Logo_CashFlow.png}\">\n     <title>Formulário</title>\n </head>\n \n@@ -24,9 +24,9 @@\n                     <div class=\"form-group origem\">\n                         <label for=\"origin\">Origem:</label>\n                         <input type=\"text\" id=\"origin\" name=\"origin\" class=\"input-origem\" th:field=\"*{origin}\" required>\n                     </div>\n-                    <div class=\"box_datas\">\n+                    \n \n                         <div class=\"form-group data\">\n                             <label for=\"startDate\">Inicio:</label>\n                             <input type=\"date\" id=\"startDate\" name=\"startDate\" class=\"input-cpf large-input\"th:field=\"*{startDate}\" requiredminlength=\"15\">\n@@ -34,9 +34,9 @@\n                         <div class=\"form-group data\">\n                             <label for=\"endDate\">Fim:</label>\n                             <input type=\"date\" id=\"endDate\" name=\"department\" class=\"input-setor\" th:field=\"*{endDate}\">\n                         </div>\n-                    </div>\n+                    \n                 </div>\n                 <div class=\"    \">\n                     <div class=\"form-group\">\n                         <label for=\"destination\">Destino:</label>\n"
                },
                {
                    "date": 1716905008917,
                    "content": "Index: \n===================================================================\n--- \n+++ \n@@ -24,19 +24,16 @@\n                     <div class=\"form-group origem\">\n                         <label for=\"origin\">Origem:</label>\n                         <input type=\"text\" id=\"origin\" name=\"origin\" class=\"input-origem\" th:field=\"*{origin}\" required>\n                     </div>\n-                    \n-\n-                        <div class=\"form-group data\">\n-                            <label for=\"startDate\">Inicio:</label>\n-                            <input type=\"date\" id=\"startDate\" name=\"startDate\" class=\"input-cpf large-input\"th:field=\"*{startDate}\" requiredminlength=\"15\">\n-                        </div>\n-                        <div class=\"form-group data\">\n-                            <label for=\"endDate\">Fim:</label>\n-                            <input type=\"date\" id=\"endDate\" name=\"department\" class=\"input-setor\" th:field=\"*{endDate}\">\n-                        </div>\n-                    \n+                    <div class=\"form-group data\">\n+                        <label for=\"startDate\">Inicio:</label>\n+                        <input type=\"date\" id=\"startDate\" name=\"startDate\" class=\"input-cpf large-input\"th:field=\"*{startDate}\" requiredminlength=\"15\">\n+                    </div>\n+                    <div class=\"form-group data\">\n+                        <label for=\"endDate\">Fim:</label>\n+                        <input type=\"date\" id=\"endDate\" name=\"department\" class=\"input-setor\" th:field=\"*{endDate}\">\n+                    </div>\n                 </div>\n                 <div class=\"    \">\n                     <div class=\"form-group\">\n                         <label for=\"destination\">Destino:</label>\n"
                },
                {
                    "date": 1716905186785,
                    "content": "Index: \n===================================================================\n--- \n+++ \n@@ -30,9 +30,9 @@\n                         <input type=\"date\" id=\"startDate\" name=\"startDate\" class=\"input-cpf large-input\"th:field=\"*{startDate}\" requiredminlength=\"15\">\n                     </div>\n                     <div class=\"form-group data\">\n                         <label for=\"endDate\">Fim:</label>\n-                        <input type=\"date\" id=\"endDate\" name=\"department\" class=\"input-setor\" th:field=\"*{endDate}\">\n+                        <!-- <input type=\"date\" id=\"endDate\" name=\"department\" class=\"input-setor\" th:field=\"*{endDate}\"> -->\n                     </div>\n                 </div>\n                 <div class=\"    \">\n                     <div class=\"form-group\">\n"
                },
                {
                    "date": 1716905192776,
                    "content": "Index: \n===================================================================\n--- \n+++ \n@@ -30,9 +30,9 @@\n                         <input type=\"date\" id=\"startDate\" name=\"startDate\" class=\"input-cpf large-input\"th:field=\"*{startDate}\" requiredminlength=\"15\">\n                     </div>\n                     <div class=\"form-group data\">\n                         <label for=\"endDate\">Fim:</label>\n-                        <!-- <input type=\"date\" id=\"endDate\" name=\"department\" class=\"input-setor\" th:field=\"*{endDate}\"> -->\n+                        <input type=\"date\" id=\"endDate\" name=\"department\" class=\"input-setor\" th:field=\"*{endDate}\">\n                     </div>\n                 </div>\n                 <div class=\"    \">\n                     <div class=\"form-group\">\n"
                },
                {
                    "date": 1716905306833,
                    "content": "Index: \n===================================================================\n--- \n+++ \n@@ -24,8 +24,9 @@\n                     <div class=\"form-group origem\">\n                         <label for=\"origin\">Origem:</label>\n                         <input type=\"text\" id=\"origin\" name=\"origin\" class=\"input-origem\" th:field=\"*{origin}\" required>\n                     </div>\n+                    div\n                     <div class=\"form-group data\">\n                         <label for=\"startDate\">Inicio:</label>\n                         <input type=\"date\" id=\"startDate\" name=\"startDate\" class=\"input-cpf large-input\"th:field=\"*{startDate}\" requiredminlength=\"15\">\n                     </div>\n"
                },
                {
                    "date": 1716905315033,
                    "content": "Index: \n===================================================================\n--- \n+++ \n@@ -24,9 +24,11 @@\n                     <div class=\"form-group origem\">\n                         <label for=\"origin\">Origem:</label>\n                         <input type=\"text\" id=\"origin\" name=\"origin\" class=\"input-origem\" th:field=\"*{origin}\" required>\n                     </div>\n-                    div\n+                    <div class=\"datas_box\">\n+\n+                    </div>\n                     <div class=\"form-group data\">\n                         <label for=\"startDate\">Inicio:</label>\n                         <input type=\"date\" id=\"startDate\" name=\"startDate\" class=\"input-cpf large-input\"th:field=\"*{startDate}\" requiredminlength=\"15\">\n                     </div>\n"
                },
                {
                    "date": 1716905323131,
                    "content": "Index: \n===================================================================\n--- \n+++ \n@@ -25,18 +25,19 @@\n                         <label for=\"origin\">Origem:</label>\n                         <input type=\"text\" id=\"origin\" name=\"origin\" class=\"input-origem\" th:field=\"*{origin}\" required>\n                     </div>\n                     <div class=\"datas_box\">\n+                        <div class=\"form-group data\">\n+                            <label for=\"startDate\">Inicio:</label>\n+                            <input type=\"date\" id=\"startDate\" name=\"startDate\" class=\"input-cpf large-input\"th:field=\"*{startDate}\" requiredminlength=\"15\">\n+                        </div>\n+                        <div class=\"form-group data\">\n+                            <label for=\"endDate\">Fim:</label>\n+                            <input type=\"date\" id=\"endDate\" name=\"department\" class=\"input-setor\" th:field=\"*{endDate}\">\n+                        </div>\n \n                     </div>\n-                    <div class=\"form-group data\">\n-                        <label for=\"startDate\">Inicio:</label>\n-                        <input type=\"date\" id=\"startDate\" name=\"startDate\" class=\"input-cpf large-input\"th:field=\"*{startDate}\" requiredminlength=\"15\">\n-                    </div>\n-                    <div class=\"form-group data\">\n-                        <label for=\"endDate\">Fim:</label>\n-                        <input type=\"date\" id=\"endDate\" name=\"department\" class=\"input-setor\" th:field=\"*{endDate}\">\n-                    </div>\n+                    \n                 </div>\n                 <div class=\"    \">\n                     <div class=\"form-group\">\n                         <label for=\"destination\">Destino:</label>\n"
                },
                {
                    "date": 1716905681663,
                    "content": "Index: \n===================================================================\n--- \n+++ \n@@ -27,15 +27,14 @@\n                     </div>\n                     <div class=\"datas_box\">\n                         <div class=\"form-group data\">\n                             <label for=\"startDate\">Inicio:</label>\n-                            <input type=\"date\" id=\"startDate\" name=\"startDate\" class=\"input-cpf large-input\"th:field=\"*{startDate}\" requiredminlength=\"15\">\n+                            <input type=\"date\" id=\"startDate\" name=\"startDate\" class=\"input- large-input\"th:field=\"*{startDate}\" requiredminlength=\"15\">\n                         </div>\n                         <div class=\"form-group data\">\n                             <label for=\"endDate\">Fim:</label>\n                             <input type=\"date\" id=\"endDate\" name=\"department\" class=\"input-setor\" th:field=\"*{endDate}\">\n                         </div>\n-\n                     </div>\n                     \n                 </div>\n                 <div class=\"    \">\n"
                },
                {
                    "date": 1716905687819,
                    "content": "Index: \n===================================================================\n--- \n+++ \n@@ -27,9 +27,9 @@\n                     </div>\n                     <div class=\"datas_box\">\n                         <div class=\"form-group data\">\n                             <label for=\"startDate\">Inicio:</label>\n-                            <input type=\"date\" id=\"startDate\" name=\"startDate\" class=\"input- large-input\"th:field=\"*{startDate}\" requiredminlength=\"15\">\n+                            <input type=\"date\" id=\"startDate\" name=\"startDate\" class=\"input-data-inici large-input\"th:field=\"*{startDate}\" requiredminlength=\"15\">\n                         </div>\n                         <div class=\"form-group data\">\n                             <label for=\"endDate\">Fim:</label>\n                             <input type=\"date\" id=\"endDate\" name=\"department\" class=\"input-setor\" th:field=\"*{endDate}\">\n"
                },
                {
                    "date": 1716905697672,
                    "content": "Index: \n===================================================================\n--- \n+++ \n@@ -27,13 +27,13 @@\n                     </div>\n                     <div class=\"datas_box\">\n                         <div class=\"form-group data\">\n                             <label for=\"startDate\">Inicio:</label>\n-                            <input type=\"date\" id=\"startDate\" name=\"startDate\" class=\"input-data-inici large-input\"th:field=\"*{startDate}\" requiredminlength=\"15\">\n+                            <input type=\"date\" id=\"startDate\" name=\"startDate\" class=\"input-data-inicio large-input\"th:field=\"*{startDate}\" requiredminlength=\"15\">\n                         </div>\n                         <div class=\"form-group data\">\n                             <label for=\"endDate\">Fim:</label>\n-                            <input type=\"date\" id=\"endDate\" name=\"department\" class=\"input-setor\" th:field=\"*{endDate}\">\n+                            <input type=\"date\" id=\"endDate\" name=\"department\" class=\"input-data-fim\" th:field=\"*{endDate}\">\n                         </div>\n                     </div>\n                     \n                 </div>\n"
                },
                {
                    "date": 1716905715918,
                    "content": "Index: \n===================================================================\n--- \n+++ \n@@ -27,9 +27,9 @@\n                     </div>\n                     <div class=\"datas_box\">\n                         <div class=\"form-group data\">\n                             <label for=\"startDate\">Inicio:</label>\n-                            <input type=\"date\" id=\"startDate\" name=\"startDate\" class=\"input-data-inicio large-input\"th:field=\"*{startDate}\" requiredminlength=\"15\">\n+                            <input type=\"date\" id=\"startDate\" name=\"startDate\" class=\"input-data-inicio\"th:field=\"*{startDate}\" requiredminlength=\"15\">\n                         </div>\n                         <div class=\"form-group data\">\n                             <label for=\"endDate\">Fim:</label>\n                             <input type=\"date\" id=\"endDate\" name=\"department\" class=\"input-data-fim\" th:field=\"*{endDate}\">\n"
                }
            ],
            "date": 1716893434110,
            "name": "Commit-0",
            "content": "<!DOCTYPE html>\n<html lang=\"pt-br\" xmlns:th=\"http://www.thymeleaf.org\">\n\n<head>\n    <meta charset=\"UTF-8\">\n    <meta name=\"viewport\" content=\"width=device-width, initial-scale=1.0\">\n    <link rel=\"stylesheet\" th:href=\"@{/css/campos.css}\">\n    <link rel=\"stylesheet\" th:href=\"@{/css/global.css}\">\n    <link rel=\"stylesheet\" th:href=\"@{/css/editarViagem.css}\">\n    <link rel=\"shotcut icon\" th:href=\"@{/img/Logo_CashFlow.png}\">\n    <title>Formulário</title>\n</head>\n\n<body>\n\n    <div th:replace=\"fragmento/header :: header\"></div>\n\n    <form th:action=\"${mode == 'create'} ? @{/travel/create} : @{/travel/update/__${id}__}\" th:object=\"${travel}\"\n        method=\"post\">\n        <h1 id=\"titulo\" th:text=\"${mode == 'create'} ? 'Adicionar uma viagem' : 'Editar uma viagem'\"></h1>\n        <div class=\"container\" id=\"box_container\">\n            <div>\n                <div class=\"form-row\">\n                    <div class=\"form-group origem\">\n                        <label for=\"origin\">Origem:</label>\n                        <input type=\"text\" id=\"origin\" name=\"origin\" class=\"input-nome\" th:field=\"*{origin}\" required>\n                    </div>\n                    <div class=\"box_datas\">\n\n                        <div class=\"form-group data\">\n                            <label for=\"startDate\">Inicio:</label>\n                            <input type=\"date\" id=\"startDate\" name=\"startDate\" class=\"input-cpf large-input\"\n                                style=\"border: solid 1px var(--cinza); height: 30px;\" th:field=\"*{startDate}\" required\n                                minlength=\"15\">\n                        </div>\n                        <div class=\"form-group data\">\n                            <label for=\"endDate\" style=\"margin-left: 20px;\">Fim:</label>\n                            <input type=\"date\" id=\"endDate\" name=\"department\" class=\"input-setor\" th:field=\"*{endDate}\"\n                                style=\"border: solid 1px var(--cinza);height: 30px;\">\n                        </div>\n                    </div>\n                </div>\n                <div class=\"form-row\">\n                    <div class=\"form-group\">\n                        <label for=\"destination\">Destino:</label>\n                        <input type=\"text\" id=\"destination\" name=\"destination\" class=\"input-email large-input\"\n                            th:field=\"*{destination}\" required>\n                    </div>\n                </div>\n                <div class=\"form-group\">\n                    <label for=\"description\">Descrição:</label>\n                    <input type=\"text\" id=\"description\" name=\"description\" class=\"input-telefone\"\n                        th:field=\"*{description}\" required>\n                </div>\n                <div class=\"form-group\">\n                    <label for=\"employee\">Colaborador:</label>\n                    <select id=\"employee\" name=\"employeeId\" class=\"input-senha\" required\n                        style=\"height: 30px; border: solid 1px var(--cinza); border-radius: 4px;\">\n                        <option value=\"\" th:selected=\"${travel.employeeId == null}\">-- Escolha colaborador --</option>\n                        <option th:selected=\"${travel.employeeId == employee.id}\" th:each=\"employee : ${employees}\"\n                            th:value=\"${employee.id}\" th:text=\"${employee.name}\"></option>\n                    </select>\n                </div>\n                <div class=\"campos\">\n                    <div class=\"box_campos\">\n                        <h3>Despesas da Viagem</h3>\n                        <div class=\"container_card\">\n                            <div class=\"card\" th:each=\"expense : ${expenses}\">\n                                <h4 class=\"titulo_card\" th:text=\"${expense.description}\"></h4>\n                                <p th:text=\"${expense.category}\"></p>\n                                <p th:text=\"${expense.location}\"></p>\n                                <p th:text=\"${#temporals.format(expense.dateTime, 'dd/MM/yyyy HH:mm')}\"></p>\n                                <div class=\"card_footer\">\n                                    <p th:text=\"${expense.amount}\"></p>\n                                    <div class=\"box_imagem_despesas\">\n                                        <img class=\"img_despesas\"\n                                            th:src=\"@{/api/travels/__${travelId}__/expenses/__${expense.id}__/fiscalNote}\">\n                                    </div>\n                                </div>\n                            </div>\n                        </div>\n                    </div>\n                </div>\n            </div>\n        </div>\n        <div class=\"button-group \">\n            <button class=\"button\" type=\"submit\">Salvar</button>\n            <a class=\"button_vermelho cancelar\" th:href=\"@{/travel/list}\">Cancelar</a>\n        </div>\n    </form>\n\n    <script th:src=\"@{/js/index.js}\"></script>\n\n<div id=\"image-modal\" class=\"modal\">\n    <span class=\"close\">&times;</span>\n    <img class=\"modal-content\" id=\"modal-image\">\n</div>\n\n</body>\n\n</html>"
        }
    ]
}